time,shift_value,shift_std
5,-45.179709169548005,22.273111203065096
10,-71.205536638794,27.771780288854234
15,-86.19774681259878,27.38554774422089
20,-94.83402806671802,25.742655808338597
25,-99.80896858812775,24.428370960007737
30,-102.67478924215538,23.69349016343144
